<?xml version="1.0" encoding="UTF-8"?>
<project-private xmlns="http://www.netbeans.org/ns/project-private/1">
    <editor-bookmarks xmlns="http://www.netbeans.org/ns/editor-bookmarks/2" lastBookmarkId="1">
        <file>
            <url>src/views/HomeController.java</url>
            <bookmark id="1">
                <name/>
                <line>100</line>
                <key/>
            </bookmark>
        </file>
    </editor-bookmarks>
    <open-files xmlns="http://www.netbeans.org/ns/projectui-open-files/2">
        <group>
            <file>file:/F:/NetBeansProjects/PPP/Prodemba/src/Main/Main.java</file>
            <file>file:/F:/NetBeansProjects/PPP/Prodemba/src/views/ConnexionController.java</file>
            <file>file:/F:/NetBeansProjects/PPP/Prodemba/src/views/ListezRendezvousController.java</file>
            <file>file:/F:/NetBeansProjects/PPP/Prodemba/src/services/Service.java</file>
        </group>
    </open-files>
</project-private>
